assertTrue ( "Failed to parse with curly braces in annotations.", SpringJavaConfigurationChecker. checkJavaFile ( file ) )
assertNull ( errorCollector0. getError ( ) )
assertEquals ( 0, defaultKeyedValues0. size ( ) )
assertNull ( objectArray0 )
Assert. assertTrue ( true )
assertFalse ( TarUtils. parseOctal ( byteArray0, 0\, ( byte ) 56 ) )
assertEquals ( 0.0, simpleEstimationProblem0. getProbability ( ), 0.01 )
Assert. assertEquals ( 668, double0, 1E-6 )
assertSame ( e, Util. unwindException ( e ) )
assertEquals ( "wrong size", 0, buffer. size ( ) )
assertEquals ( - 215, pOJONode0. getValue ( ) )
assertEquals ( 0.0, multiStartUnivariateRealOptimizer0. getResult ( ), 0.01 )
assertEquals ( "byte[8]", TarUtils. formatLongOctalOrBinaryBytes ( 1099511627776L\, byteArray0\, ( -1 ) \, ( -1 ) ) )
assertEquals ( Boolean. TRUE, node0. getPureBooleanValue ( node0 ) )
assertEquals ( Syntax. xml, document0. outputSettings ( ). syntax ( ) )
assertEquals ( new String ( charArray0 ), new String ( NumberInput. toChars ( charArray0 ) ) )
Assert. assertEquals ( new RealMatrixImpl ( 45, 45 ), choleskyDecompositionImpl0. scalarAdd ( new RealMatrix ( 1.0, 1.0 ) ) )
assertEquals ( - 530, long0 )
assertTrue ( boolean0 )
assertFalse ( boolean0 )
assertEquals ( 0, hashMap0. size ( ) )
assertEquals ( "foo", node0. getExpr ( ). get ( "foo" ) )
Assert. assertEquals ( 0, int0 )
assertEquals ( "One", doc0. head ( ). text ( ) )
assertEquals ( 1, StringPropertiesUtils. getIntegerIgnoreExceptions ( map, KEY, 1 ) )
Assert. assertNotNull ( elitisticListPopulation1 )
assertTrue ( e instanceof NoClassDefFoundError )
assertEquals ( e, Util. unwindException ( e ) )
assertThat ( byteArray1, equalTo ( byteArray0 ) )
assertEquals ( 1, jsonReader0. getNoTimesExecuted ( ) )
assertEquals ( e. getCause ( ). getMessage ( ), Util. unwindException ( e ). getMessage ( ) )
assertEquals ( partial0, partial1 )
assertEquals ( "Nothing declared. (No duplicates found)", simpleErrorReporter0. getAllErrors ( ). toString ( ) )
assertNull ( e )
assertHelpWasPrinted ( false )
assertFalse ( factory == SqlGeneratorFactory. getInstance ( ) )
assertEquals ( "A-Za-z]++", fastDateParser0. toString ( ) )
assertEquals ( "should have content", cneG. toString ( ), document0. getElementById ( "foo" ). getText ( ) )
assertTrue ( makeDeclaredNamesUnique_ContextualRenamer0. forChildScope ( ). makeDeclaredName ( ( String ) null ) && makeDeclaredNamesUnique_ContextualRenamer1. forChildScope ( ). makeDeclaredName ( ( String ) null ) )
mockRandom0. assertError ( )
assertEquals ( 0.0, node0. getVariable ( "a" ). get ( ), 0.0001 )
assertEquals ( "00000000", new String ( TarUtils. formatUnsignedOctalString ( byteArray0\, 2\, 2 ), CharsetNames. UTF_8 ) )
assertEquals ( EXPECTED_MASK_RGBA, mapper. readValue ( jsonWriter. toString ( ), XmlSerializerProvider. class ). get ( ). getValue ( ) )
assertEquals ( 1558, ( ( DiagonalMatrix ) optimizationDataArray0 [ 0 ] ). getShape ( ) )
assertEquals ( "DateTimeZone forOffsetMillis(-2073654449)", dateTimeZone0. getID ( ) )
assertEquals ( 0, frequency0. getValues ( ). size ( ) )
assertEquals ( com. google. common. base. Optional. absent ( ), node0. getOptional ( ) )
assertEquals ( 0.0, node1. getAccumulo ( ), 0.01 )
assertTrue ( ex. isPrime ( 53 ) )
Assert. assertNotNull ( eigenDecompositionImpl0 )
assertEquals ( 0, week0. compareTo ( mockDate0 ) )
assertNull ( nameCanonicalizer0. canonical ( name ) )
assertTrue ( boolean0 )
assertFalse ( validator. validate ( nodes, HttpRequestType. POST ). passedValidation ( ) )
assertFalse ( boolean0 )
assertNotNull ( jsonSerializer0 )
assertTrue ( boolean0 )
assertTrue ( openMapRealMatrix0. equals ( openMapRealMatrix0 ) )
Assert. assertEquals ( 0, int0 )
assertEquals ( true, checkGlobalThis0. same ( node0 ) )
assertSame ( StringValues. EMPTY. getString ( f ), StringValues. FILE_TYPE. getString ( f ) )
Assert. assertEquals ( 1, int0 )
assertEquals ( CpioArchiveOutputStream. Status. OK, pipedOutputStream0. getStatus ( ) )
assertTrue ( brentOptimizer0. isOptimized ( ) )
assertEquals ( jsonElement0. getAsJsonPrimitive ( ). getAsNumber ( ), calendar0. getAsDate ( ). getAsNumber ( ) )
assertEquals ( 1, cSVFormat1. getNoTimesExecuted ( ) )
assertEquals ( "stringArray0[]", defaultIntervalCategoryDataset0. getColumnKey ( 3321 ). toString ( ) )
assertNull ( cSVRecord0. get ( " ) )
assertThat ( double0, equalTo ( 0.0 ) )
assertNotNull ( jsonSerializer0 )
assertEquals ( 524, archiveInputStream0. available ( ) )
assertNull ( number0 )
assertEquals ( 1, configuration. getThreadsAllowedToBlockMultiplier ( ) )
assertFalse ( "You can disable the check via `JsonFactory.Feature. FAIL_ON_SYMBOL_HASH_OVERFLOW`", jsonGenerator0. next ( ) )
assertEquals ( 0.0, double0, 1E-7 )
assertThat ( readableObjectId0, is ( not ( readableObjectId1 ) ) )
assertEquals ( "BisectionSolver", solverName0 )
assertThat ( archiveInputStream0, instanceOf ( ArchiveInputStream. class ) )
assertTrue ( boolean0 )
assertThat ( e. getMessage ( ), equalTo ( "Expected type binding to be constructed but no generic type was given" ) )
assertEquals ( 0, stack0. size ( ) )
assertEquals ( "\, "\, YCYw", documentType0. getString ( ) )
assertEquals ( int0, long0 )
assertTrue ( peepholeSimplifyRegExp0. equals ( peepholeSimplifyRegExp1. toString ( ) ) )
assertEquals ( "No elements should be transformed into one double.", 1, doubleArray0. length )
assertEquals ( fraction0, e0 )
assertNull ( zipArchiveInputStream0. getNextZipEntry ( ) )
